{
  "total_evaluated": 378,
  "valid_evaluations": 376,
  "error_count": 2,
  "average_scores": {
    "average_semantic_accuracy_raw": 4.220744680851064,
    "min_semantic_accuracy_raw": 1.0,
    "max_semantic_accuracy_raw": 5.0,
    "std_dev_semantic_accuracy_raw": 1.2802897500064707,
    "average_semantic_accuracy_new": 3.845744680851064,
    "min_semantic_accuracy_new": 1.0,
    "max_semantic_accuracy_new": 5.0,
    "std_dev_semantic_accuracy_new": 1.2765089805030612,
    "average_completeness_raw": 3.9148936170212765,
    "min_completeness_raw": 1.0,
    "max_completeness_raw": 5.0,
    "std_dev_completeness_raw": 1.3439013810491511,
    "average_completeness_new": 3.398936170212766,
    "min_completeness_new": 1.0,
    "max_completeness_new": 5.0,
    "std_dev_completeness_new": 1.3664158219888851,
    "average_transformation_understanding": 3.6941489361702127,
    "min_transformation_understanding": 1.0,
    "max_transformation_understanding": 5.0,
    "std_dev_transformation_understanding": 1.3699899052276012,
    "average_robustness_to_obfuscation": 4.257978723404255,
    "min_robustness_to_obfuscation": 1.0,
    "max_robustness_to_obfuscation": 5.0,
    "std_dev_robustness_to_obfuscation": 1.0013005726950488,
    "average_overall_score": 3.88968085106383,
    "min_overall_score": 1.0,
    "max_overall_score": 5.0,
    "std_dev_overall_score": 1.073498656048999
  },
  "score_distributions": {
    "semantic_accuracy_raw": {
      "count": 376,
      "min": 1.0,
      "max": 5.0,
      "avg": 4.220744680851064,
      "std_dev": 1.2802897500064707
    },
    "semantic_accuracy_new": {
      "count": 376,
      "min": 1.0,
      "max": 5.0,
      "avg": 3.845744680851064,
      "std_dev": 1.2765089805030612
    },
    "completeness_raw": {
      "count": 376,
      "min": 1.0,
      "max": 5.0,
      "avg": 3.9148936170212765,
      "std_dev": 1.3439013810491511
    },
    "completeness_new": {
      "count": 376,
      "min": 1.0,
      "max": 5.0,
      "avg": 3.398936170212766,
      "std_dev": 1.3664158219888851
    },
    "transformation_understanding": {
      "count": 376,
      "min": 1.0,
      "max": 5.0,
      "avg": 3.6941489361702127,
      "std_dev": 1.3699899052276012
    },
    "robustness_to_obfuscation": {
      "count": 376,
      "min": 1.0,
      "max": 5.0,
      "avg": 4.257978723404255,
      "std_dev": 1.0013005726950488
    },
    "overall_score": {
      "count": 376,
      "min": 1.0,
      "max": 5.0,
      "avg": 3.88968085106383,
      "std_dev": 1.073498656048999
    }
  },
  "generated_at": "2025-12-02T06:00:55.320289+00:00"
}
